{
    "train": {
        "loss": 1.910874292552471,
        "acc": 0.18455971777439117
    }
}