{
    "train": {
        "loss": 39.3721211214678,
        "acc": 0.9997174143791199
    },
    "eval": {
        "eval_acc": 0.997626543045044,
        "eval_loss": 187.27015394323013
    }
}